date,open,high,low,close,adjClose,volume
2017-12-18,20650.000000,20650.000000,18345.000000,19100.000000,19100.000000,1054
2017-12-19,19135.000000,19725.000000,17180.000000,18200.000000,18200.000000,559
2017-12-20,17745.000000,18350.000000,16435.000000,17040.000000,17040.000000,784
2017-12-21,16400.000000,17270.000000,15080.000000,15330.000000,15330.000000,879
2017-12-22,15595.000000,15825.000000,12265.000000,14135.000000,14135.000000,2374
2017-12-26,13900.000000,16100.000000,13700.000000,15785.000000,15785.000000,406
2017-12-27,15655.000000,16545.000000,14460.000000,14690.000000,14690.000000,507
2017-12-28,15150.000000,15280.000000,13360.000000,13745.000000,13745.000000,746
2017-12-29,13965.000000,15005.000000,13835.000000,14470.000000,14470.000000,1078
2018-01-02,13955.000000,15245.000000,13080.000000,14855.000000,14855.000000,734
2018-01-03,14900.000000,15450.000000,14650.000000,14975.000000,14975.000000,719
2018-01-04,14925.000000,15470.000000,14205.000000,14900.000000,14900.000000,760
2018-01-05,15085.000000,16845.000000,14870.000000,16590.000000,16590.000000,814
2018-01-08,16425.000000,16455.000000,13870.000000,14905.000000,14905.000000,958
2018-01-09,14675.000000,15365.000000,14185.000000,14750.000000,14750.000000,863
2018-01-10,14405.000000,14720.000000,13480.000000,14450.000000,14450.000000,887
2018-01-11,14500.000000,14910.000000,12820.000000,13385.000000,13385.000000,1298
2018-01-12,13000.000000,14080.000000,12850.000000,13945.000000,13945.000000,787
2018-01-16,13600.000000,14280.000000,11160.000000,11160.000000,11160.000000,2552
2018-01-17,11190.000000,11800.000000,9225.000000,10945.000000,10945.000000,2657
2018-01-18,11125.000000,12075.000000,10645.000000,11815.000000,11815.000000,1708
2018-01-19,11335.000000,12030.000000,10990.000000,11360.000000,11360.000000,979
2018-01-22,11300.000000,11830.000000,9955.000000,10355.000000,10355.000000,1137
2018-01-23,10625.000000,11350.000000,9865.000000,11095.000000,11095.000000,1241
2018-01-24,10790.000000,11455.000000,10435.000000,11115.000000,11115.000000,838
2018-01-25,11090.000000,11710.000000,10830.000000,11245.000000,11245.000000,769
2018-01-26,11355.000000,11570.000000,10925.400391,10925.400391,10925.400391,573
2018-01-29,11510.000000,11775.000000,10970.000000,11170.000000,11170.000000,463
2018-01-30,11120.000000,11245.000000,9720.000000,9940.000000,9940.000000,1137
2018-01-31,10000.000000,10275.000000,9500.000000,10000.000000,10000.000000,842
2018-02-01,10020.000000,10175.000000,8480.000000,9090.000000,9090.000000,1485
2018-02-02,8890.000000,9075.000000,7750.000000,8585.000000,8585.000000,2535
2018-02-05,8305.000000,8315.000000,6870.000000,7260.000000,7260.000000,2186
2018-02-06,6850.000000,7920.000000,5970.000000,7550.000000,7550.000000,2234
2018-02-07,7620.000000,8540.000000,7235.000000,8245.000000,8245.000000,1379
2018-02-08,7790.000000,8690.000000,7645.000000,8325.000000,8325.000000,906
2018-02-09,8165.000000,8770.000000,7715.000000,8610.000000,8610.000000,764
2018-02-12,8380.000000,8920.000000,8075.000000,8860.000000,8860.000000,679
2018-02-13,8925.000000,9000.000000,8335.000000,8700.000000,8700.000000,550
2018-02-14,8505.000000,9390.000000,8505.000000,9290.000000,9290.000000,944
2018-02-15,9400.000000,10180.000000,9375.000000,10090.000000,10090.000000,1783
2018-02-16,10090.000000,10265.000000,9675.000000,10020.000000,10020.000000,1101
2018-02-20,10350.000000,11760.000000,10315.000000,11735.000000,11735.000000,2080
2018-02-21,11240.000000,11340.000000,10220.000000,10370.000000,10370.000000,1326
2018-02-22,10505.000000,10900.000000,9710.000000,10085.000000,10085.000000,1168
2018-02-23,9975.000000,10360.000000,9590.000000,10319.400391,10319.400391,0
2018-02-26,9680.000000,10390.000000,9270.000000,10250.000000,10250.000000,745
2018-02-27,10285.000000,10875.000000,10100.000000,10660.000000,10660.000000,761
2018-02-28,10665.000000,11005.000000,10330.000000,10645.000000,10645.000000,1130
2018-03-01,10450.000000,11100.000000,10220.000000,11065.000000,11065.000000,1345
2018-03-02,11035.000000,11215.000000,10760.000000,11060.000000,11060.000000,748
2018-03-05,11350.000000,11700.000000,11340.000000,11615.000000,11615.000000,990
2018-03-06,11595.000000,11655.000000,10570.000000,10650.000000,10650.000000,1580
2018-03-07,10735.000000,10880.000000,9385.000000,9790.000000,9790.000000,1888
2018-03-08,9970.000000,10100.000000,9105.000000,9400.000000,9400.000000,2524
2018-03-09,9350.000000,9445.000000,8390.000000,9015.000000,9015.000000,2742
2018-03-12,9490.000000,9940.000000,8735.000000,8910.000000,8910.000000,2732
2018-03-13,9165.000000,9515.000000,8825.000000,9070.000000,9070.000000,3375
2018-03-14,8905.000000,9395.000000,8185.000000,8275.000000,8275.000000,2638
2018-03-15,8005.000000,8450.000000,7700.000000,8235.000000,8235.000000,3093
2018-03-16,8340.000000,8640.000000,7885.000000,8555.000000,8555.000000,3065
2018-03-19,8275.000000,8720.000000,8100.000000,8400.000000,8400.000000,2746
2018-03-20,8420.000000,9025.000000,8320.000000,8945.000000,8945.000000,2050
2018-03-21,8990.000000,9185.000000,8775.000000,8890.000000,8890.000000,1829
2018-03-22,8905.000000,9095.000000,8500.000000,8630.000000,8630.000000,2123
2018-03-23,8650.000000,8770.000000,8270.000000,8615.000000,8615.000000,2895
2018-03-26,8650.000000,8650.000000,7840.000000,7910.000000,7910.000000,2433
2018-03-27,7880.000000,8270.000000,7760.000000,7895.000000,7895.000000,3738
2018-03-28,8010.000000,8100.000000,7735.000000,7875.000000,7875.000000,3252
2018-03-29,7885.000000,7995.000000,7345.000000,7389.910156,7389.910156,1684
2018-04-02,6905.000000,7150.000000,6775.000000,6990.000000,6990.000000,3539
2018-04-03,6975.000000,7520.000000,6965.000000,7460.000000,7460.000000,2274
2018-04-04,7430.000000,7440.000000,6725.000000,6860.000000,6860.000000,2951
2018-04-05,6790.000000,6925.000000,6550.000000,6760.000000,6760.000000,4565
2018-04-06,6760.000000,6890.000000,6485.000000,6630.000000,6630.000000,2415
2018-04-09,7025.000000,7225.000000,6605.000000,6675.000000,6675.000000,3348
2018-04-10,6705.000000,6880.000000,6640.000000,6840.000000,6840.000000,1882
2018-04-11,6860.000000,6970.000000,6785.000000,6920.000000,6920.000000,1746
2018-04-12,6920.000000,8105.000000,6660.000000,7680.000000,7680.000000,4825
2018-04-13,7790.000000,8235.000000,7760.000000,8105.000000,8105.000000,3045
2018-04-16,8005.000000,8445.000000,7880.000000,7980.000000,7980.000000,3858
2018-04-17,8015.000000,8180.000000,7805.000000,7885.000000,7885.000000,2676
2018-04-18,7870.000000,8240.000000,7860.000000,8125.000000,8125.000000,2826
2018-04-19,8190.000000,8315.000000,8100.000000,8260.000000,8260.000000,2718
2018-04-20,8300.000000,8585.000000,8235.000000,8540.000000,8540.000000,2318
2018-04-23,8910.000000,9015.000000,8775.000000,8845.000000,8845.000000,2952
2018-04-24,8965.000000,9465.000000,8920.000000,9455.000000,9455.000000,4681
2018-04-25,9480.000000,9765.000000,8755.000000,8970.000000,8970.000000,10346
2018-04-26,9170.000000,9185.000000,8635.000000,8865.000000,8865.000000,4924
2018-04-27,9130.000000,9375.000000,9115.000000,9231.120117,9231.120117,2190
2018-04-30,9375.000000,9495.000000,9140.000000,9365.000000,9365.000000,2999
2018-05-01,9285.000000,9315.000000,8815.000000,8985.000000,8985.000000,3143
2018-05-02,9070.000000,9210.000000,8985.000000,9150.000000,9150.000000,2093
2018-05-03,9245.000000,9805.000000,9180.000000,9675.000000,9675.000000,4177
2018-05-04,9710.000000,9840.000000,9540.000000,9670.000000,9670.000000,3762
2018-05-07,9605.000000,9705.000000,9160.000000,9435.000000,9435.000000,4705
2018-05-08,9410.000000,9490.000000,9010.000000,9235.000000,9235.000000,4435
2018-05-09,9185.000000,9375.000000,8955.000000,9280.000000,9280.000000,3015
2018-05-10,9255.000000,9415.000000,9040.000000,9090.000000,9090.000000,3063
2018-05-11,9110.000000,9125.000000,8380.000000,8625.000000,8625.000000,4980
2018-05-14,8660.000000,8900.000000,8285.000000,8755.000000,8755.000000,5754
2018-05-15,8735.000000,8850.000000,8435.000000,8555.000000,8555.000000,4222
2018-05-16,8475.000000,8545.000000,8115.000000,8250.000000,8250.000000,4978
2018-05-17,8290.000000,8460.000000,8115.000000,8180.000000,8180.000000,2872
2018-05-18,8225.000000,8275.000000,7915.000000,8230.000000,8230.000000,3390
2018-05-21,8525.000000,8680.000000,8320.000000,8375.000000,8375.000000,2701
2018-05-22,8345.000000,8420.000000,8070.000000,8180.000000,8180.000000,2341
2018-05-23,8050.000000,8075.000000,7425.000000,7590.000000,7590.000000,4586
2018-05-24,7620.000000,7720.000000,7230.000000,7580.000000,7580.000000,4427
2018-05-25,7530.000000,7650.000000,7315.000000,7493.939941,7493.939941,2069
2018-05-29,7190.000000,7580.000000,7050.000000,7495.000000,7495.000000,5052
2018-05-30,7505.000000,7620.000000,7270.000000,7320.000000,7320.000000,2471
2018-05-31,7335.000000,7660.000000,7335.000000,7545.000000,7545.000000,2102
2018-06-01,7550.000000,7620.000000,7300.000000,7440.000000,7440.000000,2197
2018-06-04,7715.000000,7900.000000,7460.000000,7500.000000,7500.000000,1625
2018-06-05,7515.000000,7670.000000,7360.000000,7625.000000,7625.000000,2069
2018-06-06,7605.000000,7695.000000,7485.000000,7540.000000,7540.000000,1450
2018-06-07,7695.000000,7780.000000,7640.000000,7705.000000,7705.000000,1437
2018-06-08,7670.000000,7705.000000,7540.000000,7655.000000,7655.000000,1301
2018-06-11,7120.000000,7120.000000,6610.000000,6750.000000,6750.000000,3861
2018-06-12,6770.000000,6890.000000,6425.000000,6500.000000,6500.000000,3875
2018-06-13,6470.000000,6620.000000,6100.000000,6270.000000,6270.000000,5146
2018-06-14,6275.000000,6705.000000,6250.000000,6635.000000,6635.000000,4461
2018-06-15,6670.000000,6670.000000,6440.000000,6530.000000,6530.000000,2485
2018-06-18,6495.000000,6785.000000,6340.000000,6695.000000,6695.000000,2794
2018-06-19,6710.000000,6840.000000,6650.000000,6735.000000,6735.000000,1563
2018-06-20,6705.000000,6815.000000,6545.000000,6745.000000,6745.000000,2108
2018-06-21,6705.000000,6780.000000,6670.000000,6710.000000,6710.000000,1135
2018-06-22,6705.000000,6735.000000,5960.000000,6165.000000,6165.000000,3832
2018-06-25,6150.000000,6345.000000,6065.000000,6245.000000,6245.000000,4762
2018-06-26,6255.000000,6275.000000,6120.000000,6160.000000,6160.000000,3173
2018-06-27,6210.000000,6210.000000,5975.000000,6160.000000,6160.000000,3229
2018-06-28,6140.000000,6180.000000,6025.000000,6085.000000,6085.000000,1962
2018-06-29,5915.000000,5945.000000,5805.000000,5885.879883,5885.879883,2512
2018-07-02,6275.000000,6680.000000,6260.000000,6625.000000,6625.000000,3977
2018-07-03,null,null,null,null,null,null
2018-07-05,6690.000000,6700.000000,6430.000000,6505.000000,6505.000000,6739
2018-07-06,6490.000000,6640.000000,6430.000000,6565.000000,6565.000000,2038
2018-07-09,6745.000000,6760.000000,6645.000000,6695.000000,6695.000000,1765
2018-07-10,6695.000000,6785.000000,6295.000000,6355.000000,6355.000000,3084
2018-07-11,6355.000000,6380.000000,6245.000000,6330.000000,6330.000000,2719
2018-07-12,6355.000000,6365.000000,6110.000000,6160.000000,6160.000000,3076
2018-07-13,6160.000000,6340.000000,6060.000000,6165.000000,6165.000000,3558
2018-07-16,6370.000000,6710.000000,6320.000000,6675.000000,6675.000000,3171
2018-07-17,6665.000000,7470.000000,6655.000000,7305.000000,7305.000000,5582
2018-07-18,7385.000000,7595.000000,7240.000000,7395.000000,7395.000000,6956
2018-07-19,7325.000000,7510.000000,7275.000000,7450.000000,7450.000000,4580
2018-07-20,7435.000000,7700.000000,7270.000000,7340.000000,7340.000000,6978
2018-07-23,7380.000000,7820.000000,7335.000000,7735.000000,7735.000000,8545
2018-07-24,7740.000000,8365.000000,7680.000000,8260.000000,8260.000000,11464
2018-07-25,8255.000000,8490.000000,8025.000000,8145.000000,8145.000000,11553
2018-07-26,8260.000000,8310.000000,8115.000000,8275.000000,8275.000000,6288
2018-07-27,7960.000000,8030.000000,7790.000000,7855.259766,7855.259766,9284
2018-07-30,8140.000000,8265.000000,7845.000000,8100.000000,8100.000000,8136
2018-07-31,8120.000000,8200.000000,7640.000000,7730.000000,7730.000000,9415
2018-08-01,7695.000000,7760.000000,7440.000000,7545.000000,7545.000000,9125
2018-08-02,7460.000000,7700.000000,7430.000000,7525.000000,7525.000000,5552
2018-08-03,7525.000000,7560.000000,7270.000000,7370.000000,7370.000000,5700
2018-08-06,7080.000000,7140.000000,6870.000000,6920.000000,6920.000000,5117
2018-08-07,6845.000000,7155.000000,6825.000000,6990.000000,6990.000000,5037
2018-08-08,6765.000000,6785.000000,6105.000000,6330.000000,6330.000000,8099
2018-08-09,6300.000000,6545.000000,6170.000000,6460.000000,6460.000000,6827
2018-08-10,6555.000000,6605.000000,6105.000000,6390.000000,6390.000000,6444
2018-08-13,6405.000000,6555.000000,6135.000000,6230.000000,6230.000000,7804
2018-08-14,6240.000000,6280.000000,5850.000000,6075.000000,6075.000000,6904
2018-08-15,6105.000000,6600.000000,6075.000000,6375.000000,6375.000000,6993
2018-08-16,6400.000000,6475.000000,6185.000000,6405.000000,6405.000000,4378
2018-08-17,6265.000000,6545.000000,6245.000000,6480.000000,6480.000000,4288
2018-08-20,6490.000000,6515.000000,6360.000000,6430.000000,6430.000000,2381
2018-08-21,6395.000000,6470.000000,6205.000000,6425.000000,6425.000000,3319
2018-08-22,6440.000000,6870.000000,6250.000000,6405.000000,6405.000000,5379
2018-08-23,6350.000000,6465.000000,6225.000000,6405.000000,6405.000000,3554
2018-08-24,6460.000000,6640.000000,6450.000000,6615.000000,6615.000000,2656
2018-08-27,6655.000000,6760.000000,6650.000000,6730.000000,6730.000000,2398
2018-08-28,6720.000000,7125.000000,6715.000000,7090.000000,7090.000000,5220
2018-08-29,7100.000000,7120.000000,6890.000000,7000.000000,7000.000000,3899
2018-08-30,7045.000000,7055.000000,6795.000000,6815.000000,6815.000000,4779
2018-08-31,6940.000000,7025.000000,6895.000000,6925.560059,6925.560059,0
2018-09-04,7305.000000,7410.000000,7220.000000,7350.000000,7350.000000,5305
2018-09-05,7355.000000,7395.000000,6840.000000,6900.000000,6900.000000,4585
2018-09-06,6925.000000,6925.000000,6215.000000,6430.000000,6430.000000,5796
2018-09-07,6410.000000,6505.000000,6280.000000,6390.000000,6390.000000,2475
2018-09-10,6340.000000,6350.000000,6175.000000,6265.000000,6265.000000,1936
2018-09-11,6260.000000,6385.000000,6120.000000,6230.000000,6230.000000,1857
2018-09-12,6270.000000,6335.000000,6175.000000,6290.000000,6290.000000,1581
2018-09-13,6295.000000,6525.000000,6295.000000,6435.000000,6435.000000,2350
2018-09-14,6450.000000,6575.000000,6330.000000,6525.000000,6525.000000,2085
2018-09-17,6470.000000,6525.000000,6165.000000,6230.000000,6230.000000,2337
2018-09-18,6210.000000,6370.000000,6180.000000,6275.000000,6275.000000,1108
2018-09-19,6305.000000,6535.000000,6035.000000,6375.000000,6375.000000,3037
2018-09-20,6365.000000,6435.000000,6310.000000,6400.000000,6400.000000,1373
2018-09-21,6470.000000,6775.000000,6455.000000,6740.000000,6740.000000,3627
2018-09-24,6665.000000,6720.000000,6555.000000,6610.000000,6610.000000,2081
2018-09-25,6605.000000,6605.000000,6315.000000,6355.000000,6355.000000,3388
2018-09-26,6385.000000,6535.000000,6365.000000,6485.000000,6485.000000,3381
2018-09-27,6460.000000,6745.000000,6415.000000,6655.000000,6655.000000,3087
2018-09-28,6720.000000,6800.000000,6570.000000,6647.799805,6647.799805,4965
2018-10-01,6560.000000,6625.000000,6455.000000,6540.000000,6540.000000,1477
2018-10-02,6550.000000,6585.000000,6435.000000,6510.000000,6510.000000,1131
2018-10-03,6510.000000,6520.000000,6345.000000,6425.000000,6425.000000,1356
2018-10-04,6415.000000,6610.000000,6405.000000,6555.000000,6555.000000,1697
2018-10-05,6530.000000,6580.000000,6500.000000,6530.000000,6530.000000,928
2018-10-08,6530.000000,6675.000000,6515.000000,6630.000000,6630.000000,1783
2018-10-09,6620.000000,6620.000000,6535.000000,6580.000000,6580.000000,1004
2018-10-10,6580.000000,6590.000000,6450.000000,6540.000000,6540.000000,1700
2018-10-11,6515.000000,6535.000000,6030.000000,6180.000000,6180.000000,4268
2018-10-12,6180.000000,6225.000000,6095.000000,6185.000000,6185.000000,1908
2018-10-15,6165.000000,6770.000000,6110.000000,6390.000000,6390.000000,6704
2018-10-16,6390.000000,6495.000000,6380.000000,6420.000000,6420.000000,1604
2018-10-17,6445.000000,6480.000000,6400.000000,6420.000000,6420.000000,1189
2018-10-18,6430.000000,6480.000000,6330.000000,6390.000000,6390.000000,2759
2018-10-19,6375.000000,6405.000000,6340.000000,6380.000000,6380.000000,1108
2018-10-22,6415.000000,6445.000000,6360.000000,6395.000000,6395.000000,1752
2018-10-23,6400.000000,6425.000000,6350.000000,6395.000000,6395.000000,1492
2018-10-24,6395.000000,6490.000000,6380.000000,6425.000000,6425.000000,2799
2018-10-25,6420.000000,6420.000000,6315.000000,6405.000000,6405.000000,2486
2018-10-26,6395.000000,6455.000000,6375.000000,6391.689941,6391.689941,2434
2018-10-29,6390.000000,6440.000000,6185.000000,6240.000000,6240.000000,3904
2018-10-30,6245.000000,6290.000000,6230.000000,6245.000000,6245.000000,1992
2018-10-31,6255.000000,6340.000000,6170.000000,6295.000000,6295.000000,3161
2018-11-01,6295.000000,6335.000000,6290.000000,6315.000000,6315.000000,1174
2018-11-02,6335.000000,6375.000000,6320.000000,6345.000000,6345.000000,1647
2018-11-05,6400.000000,6450.000000,6365.000000,6390.000000,6390.000000,2336
2018-11-06,6395.000000,6475.000000,6385.000000,6415.000000,6415.000000,3048
2018-11-07,6430.000000,6545.000000,6430.000000,6510.000000,6510.000000,4263
2018-11-08,6510.000000,6525.000000,6370.000000,6410.000000,6410.000000,4418
2018-11-09,6400.000000,6415.000000,6240.000000,6335.000000,6335.000000,2878
2018-11-12,6290.000000,6395.000000,6290.000000,6325.000000,6325.000000,1997
2018-11-13,6315.000000,6325.000000,6225.000000,6285.000000,6285.000000,2534
2018-11-14,6290.000000,6290.000000,5230.000000,5365.000000,5365.000000,8940
2018-11-15,5510.000000,5590.000000,5155.000000,5425.000000,5425.000000,8633
2018-11-16,5435.000000,5550.000000,5385.000000,5450.000000,5450.000000,3416
2018-11-19,5500.000000,5515.000000,4560.000000,4835.000000,4835.000000,11321
2018-11-20,4740.000000,4870.000000,4015.000000,4240.000000,4240.000000,12827
2018-11-21,4230.000000,4620.000000,4165.000000,4390.000000,4390.000000,6540
2018-11-23,null,null,null,null,null,null
2018-11-26,3965.000000,4055.000000,3515.000000,3605.000000,3605.000000,8901
2018-11-27,3635.000000,3790.000000,3550.000000,3720.000000,3720.000000,6129
2018-11-28,3790.000000,4365.000000,3750.000000,4300.000000,4300.000000,6789
2018-11-29,4195.000000,4400.000000,4075.000000,4180.000000,4180.000000,5112
2018-11-30,4215.000000,4280.000000,3870.000000,3953.000000,3953.000000,5068
2018-12-03,4090.000000,4130.000000,3690.000000,3800.000000,3800.000000,3383
2018-12-04,3905.000000,4015.000000,3690.000000,3840.000000,3840.000000,3059
2018-12-06,3670.000000,3960.000000,3360.000000,3600.000000,3600.000000,5768
2018-12-07,3575.000000,3595.000000,3135.000000,3300.000000,3300.000000,6081
2018-12-10,3495.000000,3580.000000,3330.000000,3375.000000,3375.000000,1918
2018-12-11,3380.000000,3405.000000,3265.000000,3320.000000,3320.000000,1989
2018-12-12,3345.000000,3470.000000,3305.000000,3420.000000,3420.000000,2665
2018-12-13,3395.000000,3420.000000,3190.000000,3215.000000,3215.000000,3796
2018-12-14,3235.000000,3265.000000,3120.000000,3145.000000,3145.000000,3046
2018-12-17,3180.000000,3570.000000,3165.000000,3530.000000,3530.000000,4114
2018-12-18,3475.000000,3560.000000,3425.000000,3495.000000,3495.000000,3415
2018-12-19,3550.000000,3890.000000,3550.000000,3695.000000,3695.000000,4997
2018-12-20,3675.000000,4150.000000,3635.000000,3875.000000,3875.000000,4834
2018-12-21,4040.000000,4135.000000,3605.000000,3775.000000,3775.000000,5616
2018-12-24,null,null,null,null,null,null
2018-12-26,3775.000000,3850.000000,3610.000000,3760.000000,3760.000000,2751
2018-12-27,3800.000000,3840.000000,3535.000000,3565.000000,3565.000000,3404
2018-12-28,3560.000000,3800.000000,3560.000000,3708.560059,3708.560059,4180
2018-12-31,3800.000000,3810.000000,3600.000000,3650.000000,3650.000000,1961
2019-01-02,3720.000000,3855.000000,3685.000000,3830.000000,3830.000000,3227
2019-01-03,3850.000000,3870.000000,3710.000000,3760.000000,3760.000000,3620
2019-01-04,3755.000000,3875.000000,3690.000000,3745.000000,3745.000000,3919
2019-01-07,3990.000000,4070.000000,3945.000000,3985.000000,3985.000000,2757
2019-01-08,3980.000000,4095.000000,3925.000000,3985.000000,3985.000000,4171
2019-01-09,3990.000000,4030.000000,3950.000000,3990.000000,3990.000000,3683
2019-01-10,3995.000000,4020.000000,3525.000000,3605.000000,3605.000000,5744
2019-01-11,3600.000000,3685.000000,3560.000000,3635.000000,3635.000000,4216
2019-01-14,3490.000000,3700.000000,3400.000000,3650.000000,3650.000000,4387
2019-01-15,3650.000000,3665.000000,3490.000000,3535.000000,3535.000000,3786
2019-01-16,3550.000000,3645.000000,3545.000000,3560.000000,3560.000000,4110
2019-01-17,3570.000000,3645.000000,3515.000000,3605.000000,3605.000000,3564
2019-01-18,3615.000000,3630.000000,3540.000000,3585.000000,3585.000000,2669
2019-01-22,3525.000000,3620.000000,3390.000000,3580.000000,3580.000000,6725
2019-01-23,3575.000000,3615.000000,3510.000000,3535.000000,3535.000000,5040
2019-01-24,3545.000000,3590.000000,3520.000000,3565.000000,3565.000000,2786
2019-01-25,3560.000000,3580.000000,3510.000000,3560.000000,3560.000000,3678
2019-01-28,3485.000000,3515.000000,3325.000000,3380.000000,3380.000000,4345
2019-01-29,3385.000000,3395.000000,3300.000000,3370.000000,3370.000000,2453
2019-01-30,3360.000000,3435.000000,3345.000000,3410.000000,3410.000000,3311
2019-01-31,3420.000000,3455.000000,3365.000000,3395.000000,3395.000000,4066
2019-02-01,3385.000000,3440.000000,3345.000000,3425.000000,3425.000000,4692
2019-02-04,3380.000000,3415.000000,3375.000000,3395.000000,3395.000000,2947
2019-02-05,3390.000000,3415.000000,3380.000000,3400.000000,3400.000000,1566
2019-02-06,3405.000000,3420.000000,3310.000000,3340.000000,3340.000000,3783
2019-02-07,3345.000000,3370.000000,3335.000000,3340.000000,3340.000000,1731
2019-02-08,3350.000000,3730.000000,3325.000000,3615.000000,3615.000000,9872
2019-02-11,3610.000000,3650.000000,3580.000000,3605.000000,3605.000000,5075
2019-02-12,3595.000000,3625.000000,3550.000000,3605.000000,3605.000000,3944
2019-02-13,3575.000000,3630.000000,3555.000000,3570.000000,3570.000000,2811
2019-02-14,3575.000000,3595.000000,3530.000000,3565.000000,3565.000000,2122
2019-02-15,3565.000000,3620.000000,3545.000000,3565.000000,3565.000000,2597
2019-02-19,3600.000000,3970.000000,3595.000000,3935.000000,3935.000000,15944
2019-02-20,3910.000000,3965.000000,3870.000000,3935.000000,3935.000000,5226
2019-02-21,3920.000000,3985.000000,3855.000000,3895.000000,3895.000000,5427
2019-02-22,3885.000000,3955.000000,3885.000000,3930.770020,3930.770020,4000
2019-02-25,3770.000000,3845.000000,3705.000000,3820.000000,3820.000000,5866
2019-02-26,3805.000000,3820.000000,3745.000000,3775.000000,3775.000000,3067
2019-02-27,3780.000000,3815.000000,3620.000000,3710.000000,3710.000000,4843
2019-02-28,3765.000000,3875.000000,3745.000000,3790.000000,3790.000000,6752
2019-03-01,3785.000000,3830.000000,3780.000000,3820.000000,3820.000000,1825
2019-03-04,3780.000000,3795.000000,3660.000000,3690.000000,3690.000000,4577
2019-03-05,3675.000000,3865.000000,3655.000000,3835.000000,3835.000000,4969
2019-03-06,3835.000000,3900.000000,3810.000000,3840.000000,3840.000000,4104
2019-03-07,3855.000000,3890.000000,3830.000000,3870.000000,3870.000000,4092
2019-03-08,3905.000000,3920.000000,3845.000000,3890.000000,3890.000000,3781
2019-03-11,3885.000000,3915.000000,3810.000000,3835.000000,3835.000000,3539
2019-03-12,3845.000000,3880.000000,3790.000000,3845.000000,3845.000000,2961
2019-03-13,3855.000000,3870.000000,3820.000000,3845.000000,3845.000000,2105
2019-03-14,3840.000000,3905.000000,3775.000000,3845.000000,3845.000000,4463
2019-03-15,3850.000000,3910.000000,3845.000000,3900.000000,3900.000000,2938
2019-03-18,3965.000000,4025.000000,3935.000000,3960.000000,3960.000000,2756
2019-03-19,3970.000000,4015.000000,3950.000000,3995.000000,3995.000000,2332
2019-03-20,3990.000000,4020.000000,3965.000000,4010.000000,4010.000000,2560
2019-03-21,4015.000000,4060.000000,3900.000000,3965.000000,3965.000000,3769
2019-03-22,3970.000000,3995.000000,3955.000000,3980.000000,3980.000000,1704
2019-03-25,3965.000000,3970.000000,3845.000000,3895.000000,3895.000000,2410
2019-03-26,3885.000000,3915.000000,3880.000000,3905.000000,3905.000000,1996
2019-03-27,3905.000000,4035.000000,3905.000000,4005.000000,4005.000000,4108
2019-03-28,4010.000000,4035.000000,3995.000000,4010.000000,4010.000000,1888
2019-03-29,4005.000000,4100.000000,4000.000000,4079.360107,4079.360107,4797
2019-04-01,4090.000000,4145.000000,4040.000000,4125.000000,4125.000000,1897
2019-04-02,4135.000000,5095.000000,4130.000000,4775.000000,4775.000000,10442
2019-04-03,4810.000000,5325.000000,4810.000000,5150.000000,5150.000000,16115
2019-04-04,5210.000000,5275.000000,4780.000000,4840.000000,4840.000000,21775
2019-04-05,4935.000000,5070.000000,4890.000000,5020.000000,5020.000000,9560
2019-04-08,5165.000000,5370.000000,5130.000000,5210.000000,5210.000000,16170
2019-04-09,5290.000000,5320.000000,5150.000000,5220.000000,5220.000000,8967
2019-04-10,5220.000000,5480.000000,5160.000000,5415.000000,5415.000000,7838
2019-04-11,5300.000000,5355.000000,4965.000000,5075.000000,5075.000000,11268
2019-04-12,5030.000000,5125.000000,4900.000000,5065.000000,5065.000000,7931
2019-04-15,5110.000000,5200.000000,4945.000000,5010.000000,5010.000000,10075
2019-04-16,5030.000000,5235.000000,5025.000000,5200.000000,5200.000000,6800
2019-04-17,5215.000000,5285.000000,5185.000000,5235.000000,5235.000000,6698
2019-04-18,5230.000000,5325.000000,5205.000000,5295.000000,5295.000000,6451
2019-04-22,5275.000000,5450.000000,5255.000000,5395.000000,5395.000000,9800
2019-04-23,5400.000000,5665.000000,5375.000000,5590.000000,5590.000000,10603
2019-04-24,5580.000000,5625.000000,5370.000000,5435.000000,5435.000000,11087
2019-04-25,5440.000000,5510.000000,5380.000000,5490.000000,5490.000000,3535
2019-04-26,5400.000000,5400.000000,4945.000000,5162.339844,5162.339844,8655
2019-04-29,5095.000000,5185.000000,5070.000000,5140.000000,5140.000000,3421
2019-04-30,5140.000000,5285.000000,5090.000000,5230.000000,5230.000000,4094
2019-05-01,5250.000000,5350.000000,5250.000000,5300.000000,5300.000000,3557
2019-05-02,5285.000000,5415.000000,5280.000000,5390.000000,5390.000000,4551
2019-05-03,5390.000000,5800.000000,5355.000000,5670.000000,5670.000000,13229
2019-05-06,5735.000000,5795.000000,5565.000000,5745.000000,5745.000000,7075
2019-05-07,5700.000000,5985.000000,5685.000000,5845.000000,5845.000000,10086
2019-05-08,5885.000000,5915.000000,5640.000000,5900.000000,5900.000000,7023
2019-05-09,5905.000000,6120.000000,5850.000000,6065.000000,6065.000000,6973
2019-05-10,6125.000000,6430.000000,6110.000000,6365.000000,6365.000000,9795
2019-05-13,7150.000000,8030.000000,6870.000000,7950.000000,7950.000000,31433
2019-05-14,8145.000000,8385.000000,7630.000000,7780.000000,7780.000000,26372
2019-05-15,7815.000000,8300.000000,7815.000000,8225.000000,8225.000000,13408
2019-05-16,8185.000000,8445.000000,7725.000000,7875.000000,7875.000000,19966
2019-05-17,7940.000000,7990.000000,6320.000000,7180.000000,7180.000000,15465
2019-05-20,8075.000000,8380.000000,7620.000000,7850.000000,7850.000000,15195
2019-05-21,8065.000000,8140.000000,7840.000000,8050.000000,8050.000000,7778
2019-05-22,8030.000000,8075.000000,7710.000000,7950.000000,7950.000000,10834
2019-05-23,7685.000000,7895.000000,7485.000000,7810.000000,7810.000000,10992
2019-05-24,7845.000000,8230.000000,7815.000000,8085.000000,8085.000000,12003
2019-05-28,8660.000000,9035.000000,8550.000000,8705.000000,8705.000000,18551
2019-05-29,8730.000000,8775.000000,8420.000000,8690.000000,8690.000000,11721
2019-05-30,8660.000000,9125.000000,8345.000000,8620.000000,8620.000000,11446
2019-05-31,8290.000000,8440.000000,8100.000000,8414.179688,8414.179688,8559
2019-06-03,8730.000000,8865.000000,8385.000000,8640.000000,8640.000000,4641
2019-06-04,8560.000000,8565.000000,7515.000000,7625.000000,7625.000000,11780
2019-06-05,7525.000000,7970.000000,7435.000000,7835.000000,7835.000000,2851
2019-06-06,7745.000000,7915.000000,7460.000000,7610.000000,7610.000000,4391
2019-06-07,7765.000000,8175.000000,7740.000000,8010.000000,8010.000000,2925
2019-06-10,7675.000000,8115.000000,7515.000000,8010.000000,8010.000000,3256
2019-06-11,7980.000000,8085.000000,7720.000000,7920.000000,7920.000000,2537
2019-06-12,7930.000000,8340.000000,7830.000000,8195.000000,8195.000000,3930
2019-06-13,8180.000000,8330.000000,8070.000000,8285.000000,8285.000000,2079
2019-06-14,8365.000000,8515.000000,8215.000000,8440.000000,8440.000000,2084
2019-06-17,9065.000000,9495.000000,9055.000000,9380.000000,9380.000000,6926
2019-06-18,9365.000000,9575.000000,8985.000000,9115.000000,9115.000000,6733
2019-06-19,9020.000000,9255.000000,8985.000000,9210.000000,9210.000000,2222
2019-06-20,9320.000000,9705.000000,9260.000000,9625.000000,9625.000000,5347
2019-06-21,9615.000000,10060.000000,9560.000000,9980.000000,9980.000000,6905
2019-06-24,10925.000000,11160.000000,10615.000000,10945.000000,10945.000000,9902
2019-06-25,11035.000000,11525.000000,11010.000000,11380.000000,11380.000000,10348
2019-06-26,11520.000000,13915.000000,11520.000000,13885.000000,13885.000000,21334
2019-06-27,12500.000000,13340.000000,10285.000000,10855.000000,10855.000000,23272
2019-06-28,10865.000000,12020.000000,10815.000000,11763.799805,11763.799805,9323
2019-07-01,11505.000000,11505.000000,10150.000000,10375.000000,10375.000000,9774
2019-07-02,10685.000000,11120.000000,9805.000000,10990.000000,10990.000000,6869
2019-07-03,null,null,null,null,null,null
2019-07-05,11485.000000,12230.000000,10910.000000,11285.000000,11285.000000,8761
2019-07-08,11630.000000,12525.000000,11500.000000,12445.000000,12445.000000,3934
2019-07-09,12530.000000,13115.000000,12330.000000,12760.000000,12760.000000,6427
2019-07-10,12825.000000,13480.000000,11760.000000,12270.000000,12270.000000,10622
2019-07-11,12130.000000,12385.000000,11045.000000,11730.000000,11730.000000,9616
2019-07-12,11405.000000,12005.000000,11195.000000,11730.000000,11730.000000,3357
2019-07-15,10945.000000,11040.000000,9915.000000,10910.000000,10910.000000,7597
2019-07-16,10840.000000,11155.000000,9460.000000,9730.000000,9730.000000,8513
2019-07-17,9695.000000,10025.000000,9095.000000,9795.000000,9795.000000,8039
2019-07-18,9825.000000,10825.000000,9345.000000,10550.000000,10550.000000,8514
2019-07-19,10635.000000,10845.000000,10130.000000,10460.000000,10460.000000,4699
2019-07-22,10630.000000,10720.000000,10070.000000,10145.000000,10145.000000,5223
2019-07-23,10290.000000,10370.000000,9860.000000,10150.000000,10150.000000,3685
2019-07-24,10155.000000,10155.000000,9485.000000,9640.000000,9640.000000,5616
2019-07-25,9780.000000,10215.000000,9735.000000,9865.000000,9865.000000,3895
2019-07-26,9875.000000,9955.000000,9645.000000,9763.480469,9763.480469,2604
2019-07-29,9575.000000,9850.000000,9195.000000,9530.000000,9530.000000,3073
2019-07-30,9565.000000,9930.000000,9470.000000,9735.000000,9735.000000,2380
2019-07-31,9725.000000,10295.000000,9685.000000,10115.000000,10115.000000,2198
2019-08-01,10160.000000,10665.000000,10015.000000,10450.000000,10450.000000,1880
2019-08-02,10595.000000,10870.000000,10490.000000,10600.000000,10600.000000,2699
2019-08-05,11070.000000,12130.000000,11070.000000,11910.000000,11910.000000,4071
2019-08-06,11925.000000,12505.000000,11700.000000,11830.000000,11830.000000,3814
2019-08-07,11600.000000,12330.000000,11325.000000,11885.000000,11885.000000,5017
2019-08-08,12075.000000,12205.000000,11600.000000,11690.000000,11690.000000,2431
2019-08-09,11855.000000,12235.000000,11795.000000,11945.000000,11945.000000,3517
2019-08-12,11675.000000,11695.000000,11340.000000,11560.000000,11560.000000,1834
2019-08-13,11505.000000,11570.000000,10800.000000,10945.000000,10945.000000,4145
2019-08-14,10930.000000,10955.000000,10070.000000,10160.000000,10160.000000,6021
2019-08-15,10240.000000,10440.000000,9500.000000,10130.000000,10130.000000,7407
2019-08-16,10400.000000,10590.000000,9765.000000,10515.000000,10515.000000,5247
2019-08-19,10445.000000,10890.000000,10305.000000,10745.000000,10745.000000,2653
2019-08-20,10765.000000,11015.000000,10590.000000,10775.000000,10775.000000,2558
2019-08-21,10815.000000,10890.000000,9850.000000,10115.000000,10115.000000,5034
2019-08-22,10040.000000,10255.000000,9765.000000,10185.000000,10185.000000,3956
2019-08-23,10205.000000,10535.000000,10050.000000,10460.000000,10460.000000,3319
2019-08-26,10030.000000,10730.000000,9970.000000,10330.000000,10330.000000,4193
2019-08-27,10305.000000,10410.000000,10030.000000,10165.000000,10165.000000,3663
2019-08-28,10150.000000,10320.000000,9470.000000,9645.000000,9645.000000,5694
2019-08-29,9695.000000,9730.000000,9305.000000,9505.000000,9505.000000,4154
2019-08-30,9500.000000,9630.000000,9385.000000,9583.959961,9583.959961,2856
2019-09-03,9795.000000,10925.000000,9795.000000,10800.000000,10800.000000,7222
2019-09-04,10840.000000,10965.000000,10470.000000,10835.000000,10835.000000,3701
2019-09-05,10790.000000,10810.000000,10530.000000,10625.000000,10625.000000,3606
2019-09-06,10635.000000,11130.000000,10230.000000,10460.000000,10460.000000,6764
2019-09-09,10490.000000,10620.000000,10115.000000,10370.000000,10370.000000,3966
2019-09-10,10360.000000,10455.000000,9945.000000,10060.000000,10060.000000,3400
2019-09-11,10145.000000,10345.000000,9900.000000,10125.000000,10125.000000,3528
2019-09-12,10160.000000,10470.000000,10085.000000,10410.000000,10410.000000,3099
2019-09-13,10480.000000,10560.000000,10205.000000,10265.000000,10265.000000,2876
2019-09-16,10335.000000,10430.000000,10105.000000,10135.000000,10135.000000,2313
2019-09-17,10305.000000,10405.000000,10185.000000,10305.000000,10305.000000,1583
2019-09-18,10250.000000,10310.000000,10120.000000,10205.000000,10205.000000,1581
2019-09-19,10315.000000,10450.000000,9605.000000,10155.000000,10155.000000,4344
2019-09-20,10155.000000,10355.000000,10095.000000,10180.000000,10180.000000,2400
2019-09-23,10125.000000,10125.000000,9690.000000,9805.000000,9805.000000,4645
2019-09-24,9770.000000,9780.000000,7995.000000,8380.000000,8380.000000,10527
2019-09-25,8670.000000,8785.000000,8205.000000,8350.000000,8350.000000,5824
2019-09-26,8515.000000,8670.000000,7710.000000,8145.000000,8145.000000,5369
2019-09-27,8085.000000,8140.000000,7940.000000,8004.459961,8004.459961,3497
2019-09-30,8090.000000,8415.000000,7710.000000,8335.000000,8335.000000,4976
2019-10-01,8360.000000,8560.000000,8235.000000,8325.000000,8325.000000,3539
2019-10-02,8330.000000,8400.000000,8185.000000,8270.000000,8270.000000,1861
2019-10-03,8285.000000,8435.000000,8075.000000,8160.000000,8160.000000,2581
2019-10-04,8165.000000,8310.000000,8020.000000,8225.000000,8225.000000,1994
2019-10-07,7900.000000,8350.000000,7745.000000,8255.000000,8255.000000,5782
2019-10-08,8260.000000,8365.000000,8095.000000,8170.000000,8170.000000,2275
2019-10-09,8185.000000,8780.000000,8125.000000,8645.000000,8645.000000,4716
2019-10-10,8605.000000,8670.000000,8445.000000,8595.000000,8595.000000,2716
2019-10-11,8595.000000,8850.000000,8285.000000,8355.000000,8355.000000,4134
2019-10-14,8255.000000,8435.000000,8220.000000,8355.000000,8355.000000,1774
2019-10-15,8340.000000,8435.000000,8085.000000,8170.000000,8170.000000,2752
2019-10-16,8150.000000,8195.000000,7900.000000,7950.000000,7950.000000,3685
2019-10-17,7975.000000,8150.000000,7935.000000,8060.000000,8060.000000,2582
2019-10-18,8065.000000,8130.000000,7805.000000,7960.000000,7960.000000,3414
2019-10-21,8255.000000,8380.000000,8160.000000,8205.000000,8205.000000,3642
2019-10-22,8230.000000,8330.000000,8065.000000,8165.000000,8165.000000,2446
2019-10-23,8080.000000,8110.000000,7245.000000,7475.000000,7475.000000,5767
2019-10-24,7420.000000,7515.000000,7355.000000,7490.000000,7490.000000,3210
2019-10-25,7450.000000,7720.000000,7400.000000,7678.490234,7678.490234,8600
2019-10-28,9700.000000,10050.000000,9330.000000,9530.000000,9530.000000,6474
2019-10-29,9585.000000,9655.000000,9155.000000,9315.000000,9315.000000,3035
2019-10-30,9540.000000,9565.000000,9060.000000,9270.000000,9270.000000,3553
2019-10-31,9225.000000,9510.000000,9000.000000,9305.000000,9305.000000,2086
2019-11-01,9230.000000,9360.000000,9120.000000,9235.000000,9235.000000,2641
2019-11-04,9270.000000,9790.000000,9170.000000,9565.000000,9565.000000,3453
2019-11-05,9480.000000,9580.000000,8360.000000,9420.000000,9420.000000,2875
2019-11-06,9405.000000,9515.000000,9325.000000,9360.000000,9360.000000,1366
2019-11-07,9425.000000,9460.000000,9125.000000,9220.000000,9220.000000,3323
2019-11-08,9260.000000,9305.000000,8680.000000,8845.000000,8845.000000,5487
2019-11-11,9100.000000,9135.000000,8585.000000,8750.000000,8750.000000,3623
2019-11-12,8735.000000,8915.000000,8555.000000,8835.000000,8835.000000,3545
2019-11-13,8815.000000,8880.000000,8730.000000,8785.000000,8785.000000,2121
2019-11-14,8805.000000,8830.000000,8590.000000,8675.000000,8675.000000,2337
2019-11-15,8680.000000,8820.000000,8355.000000,8505.000000,8505.000000,4095
2019-11-18,8550.000000,8565.000000,8005.000000,8205.000000,8205.000000,4004
2019-11-19,8200.000000,8215.000000,8005.000000,8110.000000,8110.000000,3007
2019-11-20,8145.000000,8275.000000,8045.000000,8110.000000,8110.000000,3885
2019-11-21,8110.000000,8140.000000,7360.000000,7580.000000,7580.000000,5630
2019-11-22,7620.000000,7735.000000,6775.000000,7330.000000,7330.000000,9941
2019-11-25,7050.000000,7375.000000,6510.000000,7165.000000,7165.000000,10022
2019-11-26,7205.000000,7345.000000,7015.000000,7115.000000,7115.000000,5897
2019-11-27,7150.000000,7700.000000,6835.000000,7570.000000,7570.000000,8583
2019-11-29,null,null,null,null,null,null
2019-12-02,7465.000000,7555.000000,7195.000000,7335.000000,7335.000000,4334
2019-12-03,7370.000000,7445.000000,7260.000000,7340.000000,7340.000000,1711
2019-12-04,7335.000000,7965.000000,7085.000000,7220.000000,7220.000000,8673
2019-12-05,7255.000000,7525.000000,7180.000000,7420.000000,7420.000000,4442
2019-12-06,7435.000000,7655.000000,7335.000000,7460.000000,7460.000000,3514
2019-12-09,7570.000000,7705.000000,7290.000000,7320.000000,7320.000000,3527
2019-12-10,7345.000000,7410.000000,7165.000000,7215.000000,7215.000000,3362
2019-12-11,7250.000000,7290.000000,7130.000000,7175.000000,7175.000000,2979
2019-12-12,7210.000000,7370.000000,7070.000000,7265.000000,7265.000000,4522
2019-12-13,7215.000000,7335.000000,7200.000000,7265.000000,7265.000000,3653
2019-12-16,7120.000000,7145.000000,6790.000000,6860.000000,6860.000000,7720
2019-12-17,6880.000000,6940.000000,6560.000000,6580.000000,6580.000000,5979
2019-12-18,6575.000000,7235.000000,6420.000000,7135.000000,7135.000000,11821
2019-12-19,7280.000000,7440.000000,7055.000000,7165.000000,7165.000000,4596
2019-12-20,7160.000000,7235.000000,7085.000000,7230.000000,7230.000000,2478
2019-12-23,7420.000000,7715.000000,7290.000000,7410.000000,7410.000000,7852
2019-12-24,null,null,null,null,null,null
2019-12-26,7220.000000,7445.000000,7170.000000,7250.000000,7250.000000,4302
2019-12-27,7195.000000,7245.000000,7055.000000,7203.819824,7203.819824,4441
2019-12-30,7445.000000,7480.000000,7245.000000,7285.000000,7285.000000,3115
2019-12-31,7295.000000,7350.000000,7160.000000,7210.000000,7210.000000,2953
2020-01-02,7225.000000,7225.000000,6900.000000,6940.000000,6940.000000,4754
2020-01-03,6960.000000,7500.000000,6860.000000,7385.000000,7385.000000,8657
2020-01-06,7435.000000,7685.000000,7385.000000,7615.000000,7615.000000,6104
2020-01-07,7725.000000,8300.000000,7725.000000,8280.000000,8280.000000,11526
2020-01-08,8165.000000,8595.000000,7915.000000,8110.000000,8110.000000,16332
2020-01-09,8120.000000,8170.000000,7800.000000,7885.000000,7885.000000,10399
2020-01-10,7855.000000,8220.000000,7700.000000,8135.000000,8135.000000,13111
2020-01-13,8235.000000,8300.000000,8100.000000,8200.000000,8200.000000,3206
2020-01-14,8165.000000,8955.000000,8150.000000,8750.000000,8750.000000,13502
2020-01-15,8810.000000,8995.000000,8635.000000,8880.000000,8880.000000,7019
2020-01-16,8925.000000,8955.000000,8615.000000,8790.000000,8790.000000,5818
2020-01-17,8765.000000,9085.000000,8720.000000,8925.000000,8925.000000,6895
2020-01-21,8720.000000,8825.000000,8515.000000,8750.000000,8750.000000,7456
2020-01-22,8775.000000,8865.000000,8600.000000,8680.000000,8680.000000,4717
2020-01-23,8665.000000,8705.000000,8290.000000,8370.000000,8370.000000,13847
2020-01-24,8410.000000,8540.000000,8235.000000,8495.000000,8495.000000,9837
2020-01-27,8595.000000,9020.000000,8575.000000,8995.000000,8995.000000,13131
2020-01-28,8935.000000,9215.000000,8895.000000,9060.000000,9060.000000,15878
2020-01-29,9040.000000,9480.000000,9040.000000,9390.000000,9390.000000,12121
2020-01-30,9335.000000,9570.000000,9160.000000,9555.000000,9555.000000,15041
2020-01-31,9555.000000,9555.000000,9180.000000,9277.629883,9277.629883,9428
2020-02-03,9495.000000,9790.000000,9270.000000,9410.000000,9410.000000,8918
2020-02-04,9355.000000,9440.000000,9130.000000,9255.000000,9255.000000,8189
2020-02-05,9245.000000,9945.000000,9225.000000,9830.000000,9830.000000,14307
2020-02-06,9800.000000,10010.000000,9685.000000,9895.000000,9895.000000,12014
2020-02-07,9805.000000,10030.000000,9740.000000,9845.000000,9845.000000,8523
2020-02-10,10200.000000,10360.000000,9510.000000,9935.000000,9935.000000,6779
2020-02-11,9930.000000,10570.000000,9790.000000,10405.000000,10405.000000,15832
2020-02-12,10325.000000,10620.000000,10315.000000,10525.000000,10525.000000,13010
2020-02-13,10505.000000,10670.000000,10160.000000,10305.000000,10305.000000,16242
2020-02-14,10305.000000,10635.000000,10210.000000,10495.000000,10495.000000,8771
2020-02-18,9980.000000,10365.000000,9505.000000,10250.000000,10250.000000,20878
2020-02-19,10280.000000,10545.000000,9245.000000,10225.000000,10225.000000,9019
2020-02-20,9735.000000,9735.000000,9405.000000,9615.000000,9615.000000,3918
2020-02-21,9650.000000,9830.000000,9600.000000,9740.000000,9740.000000,2125
2020-02-24,9935.000000,10075.000000,9480.000000,9600.000000,9600.000000,7379
2020-02-25,9640.000000,9695.000000,9240.000000,9320.000000,9320.000000,4061
2020-02-26,9385.000000,9395.000000,8595.000000,8780.000000,8780.000000,7637
2020-02-27,8780.000000,8980.000000,8520.000000,8890.000000,8890.000000,3897
2020-02-28,8825.000000,8905.000000,8430.000000,8662.990234,8662.990234,3889
2020-03-02,8645.000000,9030.000000,8540.000000,8975.000000,8975.000000,2157
2020-03-03,8990.000000,8995.000000,8740.000000,8770.000000,8770.000000,2956
2020-03-04,8830.000000,8910.000000,8700.000000,8760.000000,8760.000000,1842
2020-03-05,8805.000000,9250.000000,8795.000000,9195.000000,9195.000000,3734
2020-03-06,9140.000000,9250.000000,9060.000000,9165.000000,9165.000000,1827
2020-03-09,8265.000000,8280.000000,7640.000000,7850.000000,7850.000000,9510
2020-03-10,7835.000000,8175.000000,7755.000000,7995.000000,7995.000000,5067
2020-03-11,7990.000000,8025.000000,7610.000000,7855.000000,7855.000000,3910
2020-03-12,7840.000000,8000.000000,5595.000000,6010.000000,6010.000000,16034
2020-03-13,5775.000000,5935.000000,4210.000000,5330.000000,5330.000000,15531
2020-03-16,5850.000000,5850.000000,4390.000000,4930.000000,4930.000000,14879
2020-03-17,4975.000000,5525.000000,4835.000000,5380.000000,5380.000000,6875
2020-03-18,5440.000000,5475.000000,4990.000000,5340.000000,5340.000000,8746
2020-03-19,5380.000000,6410.000000,5275.000000,6240.000000,6240.000000,8961
2020-03-20,6275.000000,6950.000000,5665.000000,6210.000000,6210.000000,6787
2020-03-23,6060.000000,6650.000000,5685.000000,6300.000000,6300.000000,8329
2020-03-24,6450.000000,6885.000000,6395.000000,6725.000000,6725.000000,7837
2020-03-25,6740.000000,6995.000000,6465.000000,6630.000000,6630.000000,5175
2020-03-26,6600.000000,6805.000000,6520.000000,6675.000000,6675.000000,3497
2020-03-27,6755.000000,6855.000000,6570.000000,6648.359863,6648.359863,2372
2020-03-30,6045.000000,6535.000000,5835.000000,6380.000000,6380.000000,4341
2020-03-31,6505.000000,6660.000000,6340.000000,6475.000000,6475.000000,2305
2020-04-01,6455.000000,6465.000000,6155.000000,6210.000000,6210.000000,2656
2020-04-02,6400.000000,7345.000000,6380.000000,6865.000000,6865.000000,9591
2020-04-03,6890.000000,7100.000000,6625.000000,6800.000000,6800.000000,3943
2020-04-06,6820.000000,7375.000000,6785.000000,7330.000000,7330.000000,10939
2020-04-07,7350.000000,7515.000000,7105.000000,7330.000000,7330.000000,7749
2020-04-08,7195.000000,7475.000000,7160.000000,7335.000000,7335.000000,3066
2020-04-09,7335.000000,7415.000000,7090.000000,7290.000000,7290.000000,2793
2020-04-13,7160.000000,7160.000000,6555.000000,6810.000000,6810.000000,5395
2020-04-14,6855.000000,7010.000000,6785.000000,6950.000000,6950.000000,2232
2020-04-15,6895.000000,6950.000000,6685.000000,6740.000000,6740.000000,2144
2020-04-16,6735.000000,7205.000000,6465.000000,7105.000000,7105.000000,6364
2020-04-17,7105.000000,7235.000000,7010.000000,7080.000000,7080.000000,1863
2020-04-20,7200.000000,7255.000000,6765.000000,6795.000000,6795.000000,4302
2020-04-21,6875.000000,6960.000000,6780.000000,6890.000000,6890.000000,2879
2020-04-22,6920.000000,7195.000000,6830.000000,7115.000000,7115.000000,3504
2020-04-23,7115.000000,7805.000000,7045.000000,7540.000000,7540.000000,8039
2020-04-24,7610.000000,7620.000000,7400.000000,7460.859863,7460.859863,2367
2020-04-27,7665.000000,7905.000000,7645.000000,7780.000000,7780.000000,2872
2020-04-28,7845.000000,7875.000000,7735.000000,7780.000000,7780.000000,1762
2020-04-29,7800.000000,9065.000000,7780.000000,8825.000000,8825.000000,9729
2020-04-30,8940.000000,9560.000000,8480.000000,8930.000000,8930.000000,10524
2020-05-01,8850.000000,9145.000000,8655.000000,8840.000000,8840.000000,5127
2020-05-04,8965.000000,9060.000000,8600.000000,8935.000000,8935.000000,3992
2020-05-05,9055.000000,9225.000000,8835.000000,8985.000000,8985.000000,4675
2020-05-06,9035.000000,9515.000000,8980.000000,9340.000000,9340.000000,6330
2020-05-07,9370.000000,10115.000000,9105.000000,10010.000000,10010.000000,12108
2020-05-08,10010.000000,10220.000000,9820.000000,10030.000000,10030.000000,6747
2020-05-11,8820.000000,9275.000000,8220.000000,8795.000000,8795.000000,19225
2020-05-12,8680.000000,9050.000000,8560.000000,8870.000000,8870.000000,6912
2020-05-13,8845.000000,9430.000000,8830.000000,9270.000000,9270.000000,5001
2020-05-14,9400.000000,10070.000000,9355.000000,9725.000000,9725.000000,8874
2020-05-15,9855.000000,9930.000000,9170.000000,9395.000000,9395.000000,7857
2020-05-18,9795.000000,10035.000000,9515.000000,9745.000000,9745.000000,7691
2020-05-19,9745.000000,9955.000000,9505.000000,9680.000000,9680.000000,6700
2020-05-20,9755.000000,9895.000000,9330.000000,9570.000000,9570.000000,6276
2020-05-21,9585.000000,9610.000000,8815.000000,9075.000000,9075.000000,8797
2020-05-22,9185.000000,9285.000000,8945.000000,9175.000000,9175.000000,4564
2020-05-26,9050.000000,9065.000000,8630.000000,8785.000000,8785.000000,8287
2020-05-27,8850.000000,9265.000000,8810.000000,9170.000000,9170.000000,5653
2020-05-28,9095.000000,9555.000000,9055.000000,9450.000000,9450.000000,6137
2020-05-29,9460.000000,9610.000000,9350.000000,9443.429688,9443.429688,3864
2020-06-01,9530.000000,9775.000000,9465.000000,9650.000000,9650.000000,3656
2020-06-02,9745.000000,10565.000000,9335.000000,9580.000000,9580.000000,14048
2020-06-03,9580.000000,9730.000000,9465.000000,9655.000000,9655.000000,3179
2020-06-04,9665.000000,9985.000000,9535.000000,9895.000000,9895.000000,4328
2020-06-05,9865.000000,9950.000000,9675.000000,9800.000000,9800.000000,4508
2020-06-08,9810.000000,9900.000000,9720.000000,9780.000000,9780.000000,3757
2020-06-09,9630.000000,9985.000000,9620.000000,9805.000000,9805.000000,4291
2020-06-10,9905.000000,10130.000000,9720.000000,9935.000000,9935.000000,7010
2020-06-11,9945.000000,10060.000000,9090.000000,9300.000000,9300.000000,10869
2020-06-12,9380.000000,9610.000000,9265.000000,9465.000000,9465.000000,3848
2020-06-15,9370.000000,9525.000000,8930.000000,9440.000000,9440.000000,5850
2020-06-16,9475.000000,9630.000000,9415.000000,9530.000000,9530.000000,3436
2020-06-17,9540.000000,9600.000000,9255.000000,9325.000000,9325.000000,3206
2020-06-18,9425.000000,9515.000000,9320.000000,9410.000000,9410.000000,2135
2020-06-19,9385.000000,9465.000000,9245.000000,9315.000000,9315.000000,3481
2020-06-22,9350.000000,9700.000000,9280.000000,9585.000000,9585.000000,5062
2020-06-23,9725.000000,9755.000000,9600.000000,9660.000000,9660.000000,3811
2020-06-24,9665.000000,9685.000000,9180.000000,9285.000000,9285.000000,8255
2020-06-25,9245.000000,9315.000000,8985.000000,9280.000000,9280.000000,5012
2020-06-26,9285.000000,9300.000000,9055.000000,9084.200195,9084.200195,4195
2020-06-29,9175.000000,9240.000000,9050.000000,9200.000000,9200.000000,2742
2020-06-30,9255.000000,9295.000000,9100.000000,9185.000000,9185.000000,2856
2020-07-01,9200.000000,9390.000000,9140.000000,9325.000000,9325.000000,4789
2020-07-02,9280.000000,9335.000000,8950.000000,9060.000000,9060.000000,6562
2020-07-06,9100.000000,9435.000000,9060.000000,9355.000000,9355.000000,6890
2020-07-07,9350.000000,9455.000000,9250.000000,9290.000000,9290.000000,2975
2020-07-08,9310.000000,9570.000000,9285.000000,9510.000000,9510.000000,5163
2020-07-09,9505.000000,9545.000000,9190.000000,9255.000000,9255.000000,5931
2020-07-10,9275.000000,9285.000000,9145.000000,9275.000000,9275.000000,2296
2020-07-13,9290.000000,9410.000000,9240.000000,9270.000000,9270.000000,2844
2020-07-14,9275.000000,9320.000000,9135.000000,9310.000000,9310.000000,2869
2020-07-15,9295.000000,9320.000000,9165.000000,9190.000000,9190.000000,2330
2020-07-16,9240.000000,9265.000000,9040.000000,9145.000000,9145.000000,3344
2020-07-17,9130.000000,9220.000000,9095.000000,9195.000000,9195.000000,1674
2020-07-20,9200.000000,9280.000000,9155.000000,9190.000000,9190.000000,2432
2020-07-21,9205.000000,9480.000000,9175.000000,9395.000000,9395.000000,5408
2020-07-22,9415.000000,9435.000000,9295.000000,9425.000000,9425.000000,3117
2020-07-23,9425.000000,9735.000000,9425.000000,9650.000000,9650.000000,6653
2020-07-24,9665.000000,9665.000000,9505.000000,9615.000000,9615.000000,3110
2020-07-27,9925.000000,11055.000000,9925.000000,10895.000000,10895.000000,16157
2020-07-28,11080.000000,11540.000000,10635.000000,11035.000000,11035.000000,15293
2020-07-29,11060.000000,11350.000000,10890.000000,11240.000000,11240.000000,9081
2020-07-30,11350.000000,11405.000000,10835.000000,11145.000000,11145.000000,7340
2020-07-31,11155.000000,11245.000000,10985.000000,11207.500000,11207.500000,9692
2020-08-03,11350.000000,11720.000000,11180.000000,11620.000000,11620.000000,5333
2020-08-04,11560.000000,11600.000000,11125.000000,11370.000000,11370.000000,6915
2020-08-05,11385.000000,11975.000000,11190.000000,11850.000000,11850.000000,11366
2020-08-06,11930.000000,12085.000000,11705.000000,12040.000000,12040.000000,4902
2020-08-07,11990.000000,12085.000000,11395.000000,11575.000000,11575.000000,10007
2020-08-10,11800.000000,12220.000000,11645.000000,12015.000000,12015.000000,9860
2020-08-11,12005.000000,12090.000000,11190.000000,11435.000000,11435.000000,10291
2020-08-12,11340.000000,11745.000000,11220.000000,11665.000000,11665.000000,6069
2020-08-13,11600.000000,11760.000000,11340.000000,11590.000000,11590.000000,5062
2020-08-14,11765.000000,12000.000000,11740.000000,11935.000000,11935.000000,9980
2020-08-17,11950.000000,12635.000000,11905.000000,12485.000000,12485.000000,8883
2020-08-18,12470.000000,12555.000000,11850.000000,12035.000000,12035.000000,10621
2020-08-19,12100.000000,12150.000000,11580.000000,11690.000000,11690.000000,10164
2020-08-20,11740.000000,11950.000000,11710.000000,11895.000000,11895.000000,4860
2020-08-21,12125.000000,12125.000000,11600.000000,11695.000000,11695.000000,9663
2020-08-24,11695.000000,11865.000000,11595.000000,11770.000000,11770.000000,7416
2020-08-25,11765.000000,11810.000000,11115.000000,11310.000000,11310.000000,12762
2020-08-26,11300.000000,11570.000000,11260.000000,11480.000000,11480.000000,6639
2020-08-27,11495.000000,11610.000000,11125.000000,11270.000000,11270.000000,9007
2020-08-28,11335.000000,11525.000000,11280.000000,11449.099609,11449.099609,7783
2020-08-31,11735.000000,11915.000000,11705.000000,11835.000000,11835.000000,4865
2020-09-01,11755.000000,12200.000000,11625.000000,12075.000000,12075.000000,8919
2020-09-02,12135.000000,12175.000000,11165.000000,11460.000000,11460.000000,17210
2020-09-03,11440.000000,11530.000000,10460.000000,10720.000000,10720.000000,15412
2020-09-04,10780.000000,10785.000000,9905.000000,10620.000000,10620.000000,15668
2020-09-08,10425.000000,10475.000000,9890.000000,10015.000000,10015.000000,14549
2020-09-09,10060.000000,10385.000000,9850.000000,10320.000000,10320.000000,5218
2020-09-10,10285.000000,10565.000000,10215.000000,10315.000000,10315.000000,7860
2020-09-11,10370.000000,10420.000000,10215.000000,10340.000000,10340.000000,4819
2020-09-14,10315.000000,10805.000000,10270.000000,10705.000000,10705.000000,6525
2020-09-15,10750.000000,10975.000000,10645.000000,10815.000000,10815.000000,4052
2020-09-16,10890.000000,11150.000000,10690.000000,11015.000000,11015.000000,7056
2020-09-17,11045.000000,11075.000000,10755.000000,10950.000000,10950.000000,7179
2020-09-18,10975.000000,11075.000000,10815.000000,10880.000000,10880.000000,4499
2020-09-21,10885.000000,11005.000000,10265.000000,10485.000000,10485.000000,12875
2020-09-22,10485.000000,10525.000000,10350.000000,10495.000000,10495.000000,4081
2020-09-23,10545.000000,10550.000000,10140.000000,10280.000000,10280.000000,7721
2020-09-24,10240.000000,10750.000000,10190.000000,10670.000000,10670.000000,8985
2020-09-25,10630.000000,10805.000000,10560.000000,10606.799805,10606.799805,6120
2020-09-28,10800.000000,11080.000000,10795.000000,10960.000000,10960.000000,4100
2020-09-29,10970.000000,10990.000000,10680.000000,10815.000000,10815.000000,4764
2020-09-30,10850.000000,10940.000000,10725.000000,10770.000000,10770.000000,5671
2020-10-01,10835.000000,11060.000000,10430.000000,10645.000000,10645.000000,11708
2020-10-02,10615.000000,10705.000000,10410.000000,10550.000000,10550.000000,5867
2020-10-05,10700.000000,10865.000000,10670.000000,10815.000000,10815.000000,4462
2020-10-06,10815.000000,10890.000000,10565.000000,10630.000000,10630.000000,4093
2020-10-07,10600.000000,10760.000000,10595.000000,10720.000000,10720.000000,2260
2020-10-08,10735.000000,11065.000000,10580.000000,10955.000000,10955.000000,5066
2020-10-09,10950.000000,11205.000000,10910.000000,11110.000000,11110.000000,3469
2020-10-12,11360.000000,11700.000000,11280.000000,11630.000000,11630.000000,6338
2020-10-13,11760.000000,11805.000000,11355.000000,11440.000000,11440.000000,4170
2020-10-14,11500.000000,11630.000000,11340.000000,11410.000000,11410.000000,3466
2020-10-15,11440.000000,11695.000000,11315.000000,11595.000000,11595.000000,3418
2020-10-16,11610.000000,11610.000000,11225.000000,11360.000000,11360.000000,5373
2020-10-19,11505.000000,11910.000000,11470.000000,11755.000000,11755.000000,6876
2020-10-20,11795.000000,12110.000000,11740.000000,11970.000000,11970.000000,4060
2020-10-21,11995.000000,13005.000000,11960.000000,12755.000000,12755.000000,10223
2020-10-22,12965.000000,13285.000000,12725.000000,13155.000000,13155.000000,7369
2020-10-23,13220.000000,13260.000000,12775.000000,12970.000000,12970.000000,3793
2020-10-26,13100.000000,13300.000000,12805.000000,13045.000000,13045.000000,6031
2020-10-27,13050.000000,13780.000000,13025.000000,13685.000000,13685.000000,9034
2020-10-28,13680.000000,13870.000000,12885.000000,13175.000000,13175.000000,10745
2020-10-29,13200.000000,13665.000000,12995.000000,13505.000000,13505.000000,6884
2020-10-30,13530.000000,13660.000000,13150.000000,13478.599609,13478.599609,5823
2020-11-02,13955.000000,14065.000000,13370.000000,13790.000000,13790.000000,5042
2020-11-03,13730.000000,13950.000000,13390.000000,13845.000000,13845.000000,3731
2020-11-04,13925.000000,14420.000000,13635.000000,14200.000000,14200.000000,9531
2020-11-05,14165.000000,15505.000000,14165.000000,15260.000000,15260.000000,7463
2020-11-06,15685.000000,16155.000000,15350.000000,15630.000000,15630.000000,8143
2020-11-09,15665.000000,16005.000000,14880.000000,15450.000000,15450.000000,12353
2020-11-10,15435.000000,15595.000000,15130.000000,15355.000000,15355.000000,5971
2020-11-11,15450.000000,16090.000000,15350.000000,15805.000000,15805.000000,6198
2020-11-12,16000.000000,16300.000000,15520.000000,16240.000000,16240.000000,6412
2020-11-13,16350.000000,16585.000000,16025.000000,16270.000000,16270.000000,4062
2020-11-16,16035.000000,16935.000000,15915.000000,16895.000000,16895.000000,5400
2020-11-17,16795.000000,17930.000000,16620.000000,17730.000000,17730.000000,9408
2020-11-18,17675.000000,18540.000000,17235.000000,17685.000000,17685.000000,12925
2020-11-19,17905.000000,18260.000000,17375.000000,18095.000000,18095.000000,6743
2020-11-20,17910.000000,18880.000000,17740.000000,18685.000000,18685.000000,9867
2020-11-23,18625.000000,18850.000000,18040.000000,18410.000000,18410.000000,12524
2020-11-24,18455.000000,19515.000000,18075.000000,19110.000000,19110.000000,14152
2020-11-25,19135.000000,19605.000000,18640.000000,18915.000000,18915.000000,12217
2020-11-27,null,null,null,null,null,null
2020-11-30,18275.000000,20260.000000,18275.000000,19730.000000,19730.000000,12034
2020-12-01,19800.000000,20360.000000,18300.000000,19275.000000,19275.000000,13563
2020-12-02,19155.000000,19585.000000,18560.000000,19295.000000,19295.000000,7994
2020-12-03,19340.000000,19880.000000,19070.000000,19565.000000,19565.000000,7203
2020-12-04,19680.000000,19750.000000,18830.000000,19100.000000,19100.000000,7567
2020-12-07,19205.000000,19615.000000,19020.000000,19170.000000,19170.000000,5213
2020-12-08,19215.000000,19475.000000,18695.000000,18825.000000,18825.000000,7325
2020-12-09,18685.000000,18685.000000,17705.000000,18420.000000,18420.000000,6752
2020-12-10,18630.000000,18750.000000,17940.000000,18440.000000,18440.000000,6953
2020-12-11,18415.000000,18460.000000,17575.000000,18020.000000,18020.000000,6058
2020-12-14,19155.000000,19430.000000,19080.000000,19270.000000,19270.000000,6124
2020-12-15,19340.000000,19675.000000,19120.000000,19560.000000,19560.000000,5817
2020-12-16,19505.000000,21430.000000,19340.000000,20930.000000,20930.000000,12919
2020-12-17,21460.000000,23915.000000,21320.000000,22870.000000,22870.000000,16832
2020-12-18,23050.000000,23415.000000,22435.000000,22860.000000,22860.000000,7105
2020-12-21,23605.000000,24210.000000,21950.000000,22880.000000,22880.000000,12956
2020-12-22,23260.000000,23645.000000,22430.000000,23445.000000,23445.000000,11075
2020-12-23,23495.000000,24175.000000,22800.000000,23510.000000,23510.000000,6882
2020-12-24,null,null,null,null,null,null
2020-12-28,26650.000000,27900.000000,26535.000000,27110.000000,27110.000000,17470
2020-12-29,26955.000000,27450.000000,26080.000000,27210.000000,27210.000000,7633
2020-12-30,27315.000000,29370.000000,27235.000000,29155.000000,29155.000000,13789
2020-12-31,29075.000000,29700.000000,28230.000000,29385.000000,29385.000000,5529
2021-01-04,33405.000000,34170.000000,28440.000000,31550.000000,31550.000000,14997
2021-01-05,31655.000000,34680.000000,30250.000000,34515.000000,34515.000000,8153
2021-01-06,34655.000000,37035.000000,33780.000000,36565.000000,36565.000000,19469
2021-01-07,36445.000000,41000.000000,36445.000000,39625.000000,39625.000000,16834
2021-01-08,40275.000000,42730.000000,37000.000000,39520.000000,39520.000000,15379
2021-01-11,38925.000000,39165.000000,31105.000000,33780.000000,33780.000000,22205
2021-01-12,34840.000000,37050.000000,32780.000000,34500.000000,34500.000000,14576
2021-01-13,34055.000000,37580.000000,32610.000000,36375.000000,36375.000000,9785
2021-01-14,37500.000000,40365.000000,36915.000000,39605.000000,39605.000000,10507
2021-01-15,39205.000000,39980.000000,34555.000000,35625.000000,35625.000000,14051
2021-01-19,36250.000000,38155.000000,34890.000000,36595.000000,36595.000000,14757
2021-01-20,36700.000000,36845.000000,33435.000000,35035.000000,35035.000000,9615
2021-01-21,35200.000000,35740.000000,30930.000000,31920.000000,31920.000000,13373
2021-01-22,30825.000000,33860.000000,28900.000000,33580.000000,33580.000000,12897
2021-01-25,32300.000000,34930.000000,32035.000000,33440.000000,33440.000000,8771
2021-01-26,32665.000000,32845.000000,30800.000000,31950.000000,31950.000000,8494
2021-01-27,32655.000000,32925.000000,29075.000000,31475.000000,31475.000000,13653
2021-01-28,30640.000000,33355.000000,29860.000000,32650.000000,32650.000000,7271
2021-01-29,33515.000000,38755.000000,32000.000000,37242.300781,37242.300781,18198
2021-02-01,33315.000000,35005.000000,32530.000000,34000.000000,34000.000000,6290
2021-02-02,33680.000000,36370.000000,33605.000000,36170.000000,36170.000000,5830
2021-02-03,36015.000000,37790.000000,35740.000000,37390.000000,37390.000000,4813
2021-02-04,37660.000000,39200.000000,36435.000000,37915.000000,37915.000000,6039
2021-02-05,37700.000000,38755.000000,36895.000000,38015.000000,38015.000000,4767
2021-02-08,39025.000000,45500.000000,38305.000000,44755.000000,44755.000000,14369
2021-02-09,45210.000000,48885.000000,45175.000000,47765.000000,47765.000000,11114
2021-02-10,47500.000000,48060.000000,43950.000000,44915.000000,44915.000000,9743
2021-02-11,45615.000000,49215.000000,44345.000000,47525.000000,47525.000000,9072
2021-02-12,48000.000000,49500.000000,46500.000000,48040.000000,48040.000000,7532
2021-02-16,49415.000000,51065.000000,45950.000000,48925.000000,48925.000000,15414
2021-02-17,49300.000000,53210.000000,49115.000000,52785.000000,52785.000000,9780
2021-02-18,52680.000000,53080.000000,51250.000000,52340.000000,52340.000000,8340
2021-02-19,52035.000000,56575.000000,50695.000000,55530.000000,55530.000000,11457
2021-02-22,57450.000000,57790.000000,48320.000000,53720.000000,53720.000000,18519
2021-02-23,54515.000000,54515.000000,44900.000000,47660.000000,47660.000000,18212
2021-02-24,48450.000000,51310.000000,47010.000000,49135.000000,49135.000000,8076
2021-02-25,48810.000000,52040.000000,48010.000000,49120.000000,49120.000000,7065
2021-02-26,48165.000000,48300.000000,44270.000000,47001.601563,47001.601563,10550
2021-03-01,45500.000000,49985.000000,45150.000000,48870.000000,48870.000000,7199
2021-03-02,49425.000000,50550.000000,47245.000000,47820.000000,47820.000000,5993
2021-03-03,48035.000000,53000.000000,47955.000000,50900.000000,50900.000000,6344
2021-03-04,50970.000000,52190.000000,47425.000000,48310.000000,48310.000000,11795
2021-03-05,48125.000000,49745.000000,46295.000000,49555.000000,49555.000000,8929
2021-03-08,50580.000000,52425.000000,49500.000000,52145.000000,52145.000000,7528
2021-03-09,51995.000000,55265.000000,51895.000000,54720.000000,54720.000000,5572
2021-03-10,54530.000000,57815.000000,53430.000000,56620.000000,56620.000000,7098
2021-03-11,56980.000000,58390.000000,54685.000000,57955.000000,57955.000000,7793
2021-03-12,58365.000000,58725.000000,55380.000000,57075.000000,57075.000000,7966
2021-03-15,58755.000000,61255.000000,54915.000000,56900.000000,56900.000000,10372
2021-03-16,57005.000000,57175.000000,53475.000000,55910.000000,55910.000000,7097
2021-03-17,56695.000000,58490.000000,54285.000000,57980.000000,57980.000000,7704
2021-03-18,58500.000000,60280.000000,57090.000000,57365.000000,57365.000000,9656
2021-03-19,57950.000000,59575.000000,56315.000000,58975.000000,58975.000000,6553
2021-03-22,58195.000000,58460.000000,54105.000000,55605.000000,55605.000000,7201
2021-03-23,54665.000000,55895.000000,52915.000000,54985.000000,54985.000000,8663
2021-03-24,54580.000000,57225.000000,53135.000000,54645.000000,54645.000000,8667
2021-03-25,53665.000000,53665.000000,50360.000000,52195.000000,52195.000000,11144
2021-03-26,52425.000000,53765.000000,51305.000000,53346.300781,53346.300781,5439
2021-03-29,55360.000000,59000.000000,55110.000000,58210.000000,58210.000000,7078
2021-03-30,57940.000000,60065.000000,57585.000000,59705.000000,59705.000000,4634
2021-03-31,59360.000000,60540.000000,57380.000000,59285.000000,59285.000000,6924
2021-04-01,59580.000000,60345.000000,58595.000000,59615.000000,59615.000000,4326
2021-04-05,58550.000000,60100.000000,57155.000000,59840.000000,59840.000000,5908
2021-04-06,59415.000000,60350.000000,57750.000000,58735.000000,58735.000000,5272
2021-04-07,58300.000000,59080.000000,55675.000000,56310.000000,56310.000000,11417
2021-04-08,56310.000000,58655.000000,55910.000000,58155.000000,58155.000000,4605
2021-04-09,58010.000000,59405.000000,58000.000000,58760.000000,58760.000000,3954
2021-04-12,60000.000000,61945.000000,59915.000000,60545.000000,60545.000000,6628
2021-04-13,60500.000000,64450.000000,60300.000000,63685.000000,63685.000000,7145
2021-04-14,63885.000000,65520.000000,61565.000000,62400.000000,62400.000000,8430
2021-04-15,62795.000000,64030.000000,62375.000000,63840.000000,63840.000000,4886
2021-04-16,63765.000000,64000.000000,60165.000000,61980.000000,61980.000000,6631
2021-04-19,57120.000000,57750.000000,54450.000000,56045.000000,56045.000000,10366
2021-04-20,56335.000000,57155.000000,53430.000000,56715.000000,56715.000000,9193
2021-04-21,56900.000000,57160.000000,54325.000000,55610.000000,55610.000000,5859
2021-04-22,54825.000000,55645.000000,51365.000000,52860.000000,52860.000000,13161
2021-04-23,51505.000000,52150.000000,47395.000000,50845.000000,50845.000000,10381
2021-04-26,47440.000000,54410.000000,47440.000000,54070.000000,54070.000000,8341
2021-04-27,53370.000000,55420.000000,52925.000000,54790.000000,54790.000000,5136
2021-04-28,55265.000000,56500.000000,53905.000000,55410.000000,55410.000000,6400
2021-04-29,54725.000000,55205.000000,52335.000000,52900.000000,52900.000000,5604
2021-04-30,53255.000000,56565.000000,53125.000000,56127.500000,56127.500000,6071
2021-05-03,56985.000000,59305.000000,56380.000000,57765.000000,57765.000000,5621
2021-05-04,57390.000000,57755.000000,53220.000000,54515.000000,54515.000000,8065
2021-05-05,54365.000000,58110.000000,52830.000000,57295.000000,57295.000000,6056
2021-05-06,56950.000000,58600.000000,55255.000000,56180.000000,56180.000000,5933
2021-05-07,56350.000000,58845.000000,55340.000000,57760.000000,57760.000000,4969
2021-05-10,58200.000000,59900.000000,53595.000000,55705.000000,55705.000000,7951
2021-05-11,55690.000000,57075.000000,54375.000000,56805.000000,56805.000000,5353
2021-05-12,56735.000000,58140.000000,53355.000000,54445.000000,54445.000000,8665
2021-05-13,54545.000000,54605.000000,46395.000000,48365.000000,48365.000000,14808
2021-05-14,49215.000000,51475.000000,48370.000000,50190.000000,50190.000000,5432
2021-05-17,45295.000000,46620.000000,42050.000000,44060.000000,44060.000000,11148
2021-05-18,43500.000000,45755.000000,42280.000000,43150.000000,43150.000000,8310
2021-05-19,42915.000000,43530.000000,30205.000000,39340.000000,39340.000000,26734
2021-05-20,38925.000000,42420.000000,34950.000000,40320.000000,40320.000000,13391
2021-05-21,40720.000000,42370.000000,35135.000000,36085.000000,36085.000000,12908
2021-05-24,34280.000000,39950.000000,33720.000000,39750.000000,39750.000000,10870
2021-05-25,38540.000000,39885.000000,36555.000000,37330.000000,37330.000000,8766
2021-05-26,38055.000000,40895.000000,37875.000000,38545.000000,38545.000000,9284
2021-05-27,39025.000000,40435.000000,37270.000000,38845.000000,38845.000000,6239
2021-05-28,38800.000000,39180.000000,35160.000000,36841.300781,36841.300781,8101
2021-06-01,35905.000000,37985.000000,34250.000000,35990.000000,35990.000000,8098
2021-06-02,36205.000000,38340.000000,35940.000000,38040.000000,38040.000000,4028
2021-06-03,37835.000000,39560.000000,37255.000000,38715.000000,38715.000000,4312
2021-06-04,38840.000000,39330.000000,35590.000000,36955.000000,36955.000000,8164
2021-06-07,36205.000000,37015.000000,34000.000000,35645.000000,35645.000000,6680
2021-06-08,34130.000000,34295.000000,30915.000000,32910.000000,32910.000000,11212
2021-06-09,33485.000000,36945.000000,32420.000000,36375.000000,36375.000000,8450
2021-06-10,36610.000000,38460.000000,35815.000000,36690.000000,36690.000000,6676
2021-06-11,36725.000000,37700.000000,35955.000000,37325.000000,37325.000000,3333
2021-06-14,38900.000000,41070.000000,38705.000000,39710.000000,39710.000000,5935
2021-06-15,40250.000000,41335.000000,39565.000000,39995.000000,39995.000000,4180
2021-06-16,40025.000000,40480.000000,38270.000000,38565.000000,38565.000000,6334
2021-06-17,38550.000000,39535.000000,37315.000000,37665.000000,37665.000000,5646
2021-06-18,37695.000000,38175.000000,35100.000000,35285.000000,35285.000000,5719
2021-06-21,35555.000000,35790.000000,31715.000000,32560.000000,32560.000000,9302
2021-06-22,31700.000000,33310.000000,28800.000000,32480.000000,32480.000000,14889
2021-06-23,32560.000000,34835.000000,31780.000000,32900.000000,32900.000000,7184
2021-06-24,33220.000000,35245.000000,32330.000000,34805.000000,34805.000000,6210
2021-06-25,34700.000000,35300.000000,32630.000000,33079.398438,33079.398438,6633
2021-06-28,32775.000000,35325.000000,32750.000000,34525.000000,34525.000000,5519
2021-06-29,34680.000000,36650.000000,34200.000000,36430.000000,36430.000000,4838
2021-06-30,36215.000000,36215.000000,34020.000000,34725.000000,34725.000000,3880
2021-07-01,34765.000000,35185.000000,32695.000000,33030.000000,33030.000000,4607
2021-07-02,33460.000000,33995.000000,32620.000000,33285.000000,33285.000000,4607
